<?xml version="1.0" encoding="utf-8" ?>

<component name="ContentInfo" extends="Group">
  <interface>
        <field id="title" type="string" alias="title.text" />
        <field id="season" type="string" alias="season.text" />
        <field id="year" type="string" alias="year.text" />
        <field id="gender" type="string" alias="gender.text" />
        <field id="description" type="string" alias="description.text" />
    </interface>

    <script type="text/brightscript" uri="ContentInfo.brs"/>

    <children>
        <LayoutGroup 
            id="mainLayoutGroup"
            itemSpacings="[25]">   
            <Label 
                id="title"
                font = "font:LargeBoldSystemFont"/>
            <LayoutGroup
                id="subLayoutGroup" 
                layoutDirection="horiz"
                itemSpacings="[100]"> 
                    <Label id="season"/>
                    <Label id="year"/>
                    <Label id="gender"/>
            </LayoutGroup>
            <Label 
                id="description"
                width="900"
                wrap="true"
                numLines="4"/>
             <LayoutGroup
                id="checkLayoutGroup" 
                layoutDirection="horiz"
                itemSpacings="[15]"
                vertAlignment="center"> 
                    <Poster 
                        id="chulo"
                        uri="pkg:/images/chulo.png"
                        width="50"
                        height="50"/>
                    <Label 
                        id="primeInfo"
                        text="Included with Prime"
                        font="font:MediumBoldSystemFont"/>
            </LayoutGroup>
        </LayoutGroup>
    </children>
</component>